"departamento_origen_etapa","departamento_destino_etapa","traslados","geom_origen","geom_destino","geom"
6638,2001,"230.15155264660692","0101000020E6100000EC322B68A0734DC0660329705D3941C0",NULL,NULL
2012,2013,"32.67083892901898",NULL,NULL,NULL
2011,6861,"7.853216565558101",NULL,"0101000020E61000008071990393404DC0D261B661654341C0",NULL
6648,6028,"1.3030623020063359","0101000020E6100000F4EB646CF4324DC047C20841057741C0","0101000020E61000005F3A8613062F4DC0F2B22D91F56A41C0","0102000020E610000002000000F4EB646CF4324DC047C20841057741C05F3A8613062F4DC0F2B22D91F56A41C0"
6861,2011,"1.302901023890785","0101000020E61000008071990393404DC0D261B661654341C0",NULL,NULL
6658,6490,"1.2975609756097561","0101000020E610000010E7681570234DC080DBEC85135E41C0","0101000020E610000010D951C248364DC0E1F93ACAA26041C0","0102000020E61000000200000010E7681570234DC080DBEC85135E41C010D951C248364DC0E1F93ACAA26041C0"
6539,6364,"1.2950481430536451","0101000020E61000003482497EF85E4DC075D7C927025B41C0","0101000020E610000001018EC3717E4DC0E694FB5F475341C0","0102000020E6100000020000003482497EF85E4DC075D7C927025B41C001018EC3717E4DC0E694FB5F475341C0"
6497,6532,"1.2929979605710402","0101000020E6100000BDBFF54C48944DC0DD2563059E4841C0","0101000020E61000006A107353D2B54DC09D4A41D3415941C0","0102000020E610000002000000BDBFF54C48944DC0DD2563059E4841C06A107353D2B54DC09D4A41D3415941C0"
2014,6515,"1.2918064206995687","0101000020E6100000698603338C324DC0F86B4621FB4A41C0","0101000020E6100000FA742950275B4DC09DB1D737603E41C0","0102000020E610000002000000698603338C324DC0F86B4621FB4A41C0FA742950275B4DC09DB1D737603E41C0"
6028,6490,"1.2857142857142858","0101000020E61000005F3A8613062F4DC0F2B22D91F56A41C0","0101000020E610000010D951C248364DC0E1F93ACAA26041C0","0102000020E6100000020000005F3A8613062F4DC0F2B22D91F56A41C010D951C248364DC0E1F93ACAA26041C0"
6638,6638,"40618.52624113831","0101000020E6100000EC322B68A0734DC0660329705D3941C0","0101000020E6100000EC322B68A0734DC0660329705D3941C0","0102000020E610000002000000EC322B68A0734DC0660329705D3941C0EC322B68A0734DC0660329705D3941C0"
6412,6638,"3663.2981810692886","0101000020E61000006DF1CF8789634DC02E1D8967844141C0","0101000020E6100000EC322B68A0734DC0660329705D3941C0","0102000020E6100000020000006DF1CF8789634DC02E1D8967844141C0EC322B68A0734DC0660329705D3941C0"
6252,6638,"3445.7296964955167","0101000020E6100000777D10FBB5624DC0E4917347122A41C0","0101000020E6100000EC322B68A0734DC0660329705D3941C0","0102000020E610000002000000777D10FBB5624DC0E4917347122A41C0EC322B68A0734DC0660329705D3941C0"
6560,6638,"2314.832086688546","0101000020E61000001219B785CB674DC02626BBC92A4E41C0","0101000020E6100000EC322B68A0734DC0660329705D3941C0","0102000020E6100000020000001219B785CB674DC02626BBC92A4E41C0EC322B68A0734DC0660329705D3941C0"
6515,6638,"2080.7395612918276","0101000020E6100000FA742950275B4DC09DB1D737603E41C0","0101000020E6100000EC322B68A0734DC0660329705D3941C0","0102000020E610000002000000FA742950275B4DC09DB1D737603E41C0EC322B68A0734DC0660329705D3941C0"
6638,6252,"1477.5073347622745","0101000020E6100000EC322B68A0734DC0660329705D3941C0","0101000020E6100000777D10FBB5624DC0E4917347122A41C0","0102000020E610000002000000EC322B68A0734DC0660329705D3941C0777D10FBB5624DC0E4917347122A41C0"
6412,6412,"970.4932426974422","0101000020E61000006DF1CF8789634DC02E1D8967844141C0","0101000020E61000006DF1CF8789634DC02E1D8967844141C0","0102000020E6100000020000006DF1CF8789634DC02E1D8967844141C06DF1CF8789634DC02E1D8967844141C0"
6805,6638,"950.2608175662504","0101000020E6100000E6EC3C0D6A4C4DC02B0854A4F53041C0","0101000020E6100000EC322B68A0734DC0660329705D3941C0","0102000020E610000002000000E6EC3C0D6A4C4DC02B0854A4F53041C0EC322B68A0734DC0660329705D3941C0"
6515,6515,"946.6129647774118","0101000020E6100000FA742950275B4DC09DB1D737603E41C0","0101000020E6100000FA742950275B4DC09DB1D737603E41C0","0102000020E610000002000000FA742950275B4DC09DB1D737603E41C0FA742950275B4DC09DB1D737603E41C0"
6364,6638,"892.4178948059674","0101000020E610000001018EC3717E4DC0E694FB5F475341C0","0101000020E6100000EC322B68A0734DC0660329705D3941C0","0102000020E61000000200000001018EC3717E4DC0E694FB5F475341C0EC322B68A0734DC0660329705D3941C0"
6638,6412,"868.7888532705701","0101000020E6100000EC322B68A0734DC0660329705D3941C0","0101000020E61000006DF1CF8789634DC02E1D8967844141C0","0102000020E610000002000000EC322B68A0734DC0660329705D3941C06DF1CF8789634DC02E1D8967844141C0"
6760,6638,"861.9411015014557","0101000020E6100000BF9BCB5C8C584DC0F4489D56AC4641C0","0101000020E6100000EC322B68A0734DC0660329705D3941C0","0102000020E610000002000000BF9BCB5C8C584DC0F4489D56AC4641C0EC322B68A0734DC0660329705D3941C0"
6252,6252,"676.841270740317","0101000020E6100000777D10FBB5624DC0E4917347122A41C0","0101000020E6100000777D10FBB5624DC0E4917347122A41C0","0102000020E610000002000000777D10FBB5624DC0E4917347122A41C0777D10FBB5624DC0E4917347122A41C0"
6560,6560,"668.1766798075655","0101000020E61000001219B785CB674DC02626BBC92A4E41C0","0101000020E61000001219B785CB674DC02626BBC92A4E41C0","0102000020E6100000020000001219B785CB674DC02626BBC92A4E41C01219B785CB674DC02626BBC92A4E41C0"
6805,6805,"554.5932589488892","0101000020E6100000E6EC3C0D6A4C4DC02B0854A4F53041C0","0101000020E6100000E6EC3C0D6A4C4DC02B0854A4F53041C0","0102000020E610000002000000E6EC3C0D6A4C4DC02B0854A4F53041C0E6EC3C0D6A4C4DC02B0854A4F53041C0"
6638,6515,"481.21946356838214","0101000020E6100000EC322B68A0734DC0660329705D3941C0","0101000020E6100000FA742950275B4DC09DB1D737603E41C0","0102000020E610000002000000EC322B68A0734DC0660329705D3941C0FA742950275B4DC09DB1D737603E41C0"
6638,6861,"455.6935388367379","0101000020E6100000EC322B68A0734DC0660329705D3941C0","0101000020E61000008071990393404DC0D261B661654341C0","0102000020E610000002000000EC322B68A0734DC0660329705D3941C08071990393404DC0D261B661654341C0"
6760,6760,"447.7112051273909","0101000020E6100000BF9BCB5C8C584DC0F4489D56AC4641C0","0101000020E6100000BF9BCB5C8C584DC0F4489D56AC4641C0","0102000020E610000002000000BF9BCB5C8C584DC0F4489D56AC4641C0BF9BCB5C8C584DC0F4489D56AC4641C0"
6638,6805,"389.614264843582","0101000020E6100000EC322B68A0734DC0660329705D3941C0","0101000020E6100000E6EC3C0D6A4C4DC02B0854A4F53041C0","0102000020E610000002000000EC322B68A0734DC0660329705D3941C0E6EC3C0D6A4C4DC02B0854A4F53041C0"
6756,6638,"360.92099376461573","0101000020E610000032BA5B44C3444DC006F82182523E41C0","0101000020E6100000EC322B68A0734DC0660329705D3941C0","0102000020E61000000200000032BA5B44C3444DC006F82182523E41C0EC322B68A0734DC0660329705D3941C0"
6638,6756,"324.69125733970526","0101000020E6100000EC322B68A0734DC0660329705D3941C0","0101000020E610000032BA5B44C3444DC006F82182523E41C0","0102000020E610000002000000EC322B68A0734DC0660329705D3941C032BA5B44C3444DC006F82182523E41C0"
6638,6560,"323.91690809777583","0101000020E6100000EC322B68A0734DC0660329705D3941C0","0101000020E61000001219B785CB674DC02626BBC92A4E41C0","0102000020E610000002000000EC322B68A0734DC0660329705D3941C01219B785CB674DC02626BBC92A4E41C0"
6638,2014,"322.6870830549961","0101000020E6100000EC322B68A0734DC0660329705D3941C0","0101000020E6100000698603338C324DC0F86B4621FB4A41C0","0102000020E610000002000000EC322B68A0734DC0660329705D3941C0698603338C324DC0F86B4621FB4A41C0"
6861,6638,"272.72349848709047","0101000020E61000008071990393404DC0D261B661654341C0","0101000020E6100000EC322B68A0734DC0660329705D3941C0","0102000020E6100000020000008071990393404DC0D261B661654341C0EC322B68A0734DC0660329705D3941C0"
2014,6638,"267.43616849740494","0101000020E6100000698603338C324DC0F86B4621FB4A41C0","0101000020E6100000EC322B68A0734DC0660329705D3941C0","0102000020E610000002000000698603338C324DC0F86B4621FB4A41C0EC322B68A0734DC0660329705D3941C0"
6638,6760,"259.93921787678903","0101000020E6100000EC322B68A0734DC0660329705D3941C0","0101000020E6100000BF9BCB5C8C584DC0F4489D56AC4641C0","0102000020E610000002000000EC322B68A0734DC0660329705D3941C0BF9BCB5C8C584DC0F4489D56AC4641C0"
6497,6638,"240.12386129557922","0101000020E6100000BDBFF54C48944DC0DD2563059E4841C0","0101000020E6100000EC322B68A0734DC0660329705D3941C0","0102000020E610000002000000BDBFF54C48944DC0DD2563059E4841C0EC322B68A0734DC0660329705D3941C0"
6756,6756,"234.34701711045807","0101000020E610000032BA5B44C3444DC006F82182523E41C0","0101000020E610000032BA5B44C3444DC006F82182523E41C0","0102000020E61000000200000032BA5B44C3444DC006F82182523E41C032BA5B44C3444DC006F82182523E41C0"
6840,6638,"220.4885537678162","0101000020E6100000772153D8224A4DC05DADDF0E4A4C41C0","0101000020E6100000EC322B68A0734DC0660329705D3941C0","0102000020E610000002000000772153D8224A4DC05DADDF0E4A4C41C0EC322B68A0734DC0660329705D3941C0"
2001,6638,"206.85327102166445",NULL,"0101000020E6100000EC322B68A0734DC0660329705D3941C0",NULL
6266,6638,"194.70321801508433","0101000020E61000005299F70AF6934DC07E304FF5C62541C0","0101000020E6100000EC322B68A0734DC0660329705D3941C0","0102000020E6100000020000005299F70AF6934DC07E304FF5C62541C0EC322B68A0734DC0660329705D3941C0"
6638,2011,"189.9196447178934","0101000020E6100000EC322B68A0734DC0660329705D3941C0",NULL,NULL
6539,6560,"170.58492455774524","0101000020E61000003482497EF85E4DC075D7C927025B41C0","0101000020E61000001219B785CB674DC02626BBC92A4E41C0","0102000020E6100000020000003482497EF85E4DC075D7C927025B41C01219B785CB674DC02626BBC92A4E41C0"
6638,6840,"170.34538552652194","0101000020E6100000EC322B68A0734DC0660329705D3941C0","0101000020E6100000772153D8224A4DC05DADDF0E4A4C41C0","0102000020E610000002000000EC322B68A0734DC0660329705D3941C0772153D8224A4DC05DADDF0E4A4C41C0"
6364,6364,"163.7373690258732","0101000020E610000001018EC3717E4DC0E694FB5F475341C0","0101000020E610000001018EC3717E4DC0E694FB5F475341C0","0102000020E61000000200000001018EC3717E4DC0E694FB5F475341C001018EC3717E4DC0E694FB5F475341C0"
6515,6412,"159.97815376155987","0101000020E6100000FA742950275B4DC09DB1D737603E41C0","0101000020E61000006DF1CF8789634DC02E1D8967844141C0","0102000020E610000002000000FA742950275B4DC09DB1D737603E41C06DF1CF8789634DC02E1D8967844141C0"
6638,2013,"155.0561521570483","0101000020E6100000EC322B68A0734DC0660329705D3941C0",NULL,NULL
2001,2001,"147.062955037831",NULL,NULL,NULL
6560,6412,"145.8986139205742","0101000020E61000001219B785CB674DC02626BBC92A4E41C0","0101000020E61000006DF1CF8789634DC02E1D8967844141C0","0102000020E6100000020000001219B785CB674DC02626BBC92A4E41C06DF1CF8789634DC02E1D8967844141C0"
6560,6760,"140.10326798063988","0101000020E61000001219B785CB674DC02626BBC92A4E41C0","0101000020E6100000BF9BCB5C8C584DC0F4489D56AC4641C0","0102000020E6100000020000001219B785CB674DC02626BBC92A4E41C0BF9BCB5C8C584DC0F4489D56AC4641C0"
6638,6364,"133.44337542584714","0101000020E6100000EC322B68A0734DC0660329705D3941C0","0101000020E610000001018EC3717E4DC0E694FB5F475341C0","0102000020E610000002000000EC322B68A0734DC0660329705D3941C001018EC3717E4DC0E694FB5F475341C0"
6412,6515,"121.53710324308075","0101000020E61000006DF1CF8789634DC02E1D8967844141C0","0101000020E6100000FA742950275B4DC09DB1D737603E41C0","0102000020E6100000020000006DF1CF8789634DC02E1D8967844141C0FA742950275B4DC09DB1D737603E41C0"
6760,6412,"120.04476327452637","0101000020E6100000BF9BCB5C8C584DC0F4489D56AC4641C0","0101000020E61000006DF1CF8789634DC02E1D8967844141C0","0102000020E610000002000000BF9BCB5C8C584DC0F4489D56AC4641C06DF1CF8789634DC02E1D8967844141C0"
2013,6638,"110.93455485771949",NULL,"0101000020E6100000EC322B68A0734DC0660329705D3941C0",NULL
6638,6266,"100.16435141108036","0101000020E6100000EC322B68A0734DC0660329705D3941C0","0101000020E61000005299F70AF6934DC07E304FF5C62541C0","0102000020E610000002000000EC322B68A0734DC0660329705D3941C05299F70AF6934DC07E304FF5C62541C0"
6539,6539,"99.5955318891061","0101000020E61000003482497EF85E4DC075D7C927025B41C0","0101000020E61000003482497EF85E4DC075D7C927025B41C0","0102000020E6100000020000003482497EF85E4DC075D7C927025B41C03482497EF85E4DC075D7C927025B41C0"
6638,6497,"90.5912363212617","0101000020E6100000EC322B68A0734DC0660329705D3941C0","0101000020E6100000BDBFF54C48944DC0DD2563059E4841C0","0102000020E610000002000000EC322B68A0734DC0660329705D3941C0BDBFF54C48944DC0DD2563059E4841C0"
2012,6638,"89.2342798999069",NULL,"0101000020E6100000EC322B68A0734DC0660329705D3941C0",NULL
6638,2015,"88.51220775316882","0101000020E6100000EC322B68A0734DC0660329705D3941C0",NULL,NULL
6760,6515,"88.48376569547287","0101000020E6100000BF9BCB5C8C584DC0F4489D56AC4641C0","0101000020E6100000FA742950275B4DC09DB1D737603E41C0","0102000020E610000002000000BF9BCB5C8C584DC0F4489D56AC4641C0FA742950275B4DC09DB1D737603E41C0"
6749,6805,"86.55892577427713","0101000020E61000004B36A6208F444DC044110795C51341C0","0101000020E6100000E6EC3C0D6A4C4DC02B0854A4F53041C0","0102000020E6100000020000004B36A6208F444DC044110795C51341C0E6EC3C0D6A4C4DC02B0854A4F53041C0"
6408,6638,"81.12229042766701","0101000020E61000009DF7DAA523534DC0DE83A14EB54C41C0","0101000020E6100000EC322B68A0734DC0660329705D3941C0","0102000020E6100000020000009DF7DAA523534DC0DE83A14EB54C41C0EC322B68A0734DC0660329705D3941C0"
6861,6861,"80.1124721953752","0101000020E61000008071990393404DC0D261B661654341C0","0101000020E61000008071990393404DC0D261B661654341C0","0102000020E6100000020000008071990393404DC0D261B661654341C08071990393404DC0D261B661654341C0"
6515,6252,"76.13120294281484","0101000020E6100000FA742950275B4DC09DB1D737603E41C0","0101000020E6100000777D10FBB5624DC0E4917347122A41C0","0102000020E610000002000000FA742950275B4DC09DB1D737603E41C0777D10FBB5624DC0E4917347122A41C0"
6638,2012,"68.34355993095043","0101000020E6100000EC322B68A0734DC0660329705D3941C0",NULL,NULL
6805,6252,"64.57941603807731","0101000020E6100000E6EC3C0D6A4C4DC02B0854A4F53041C0","0101000020E6100000777D10FBB5624DC0E4917347122A41C0","0102000020E610000002000000E6EC3C0D6A4C4DC02B0854A4F53041C0777D10FBB5624DC0E4917347122A41C0"
6515,6760,"64.29816069574358","0101000020E6100000FA742950275B4DC09DB1D737603E41C0","0101000020E6100000BF9BCB5C8C584DC0F4489D56AC4641C0","0102000020E610000002000000FA742950275B4DC09DB1D737603E41C0BF9BCB5C8C584DC0F4489D56AC4641C0"
2014,2002,"61.98004090264745","0101000020E6100000698603338C324DC0F86B4621FB4A41C0",NULL,NULL
6638,6408,"56.61192991225768","0101000020E6100000EC322B68A0734DC0660329705D3941C0","0101000020E61000009DF7DAA523534DC0DE83A14EB54C41C0","0102000020E610000002000000EC322B68A0734DC0660329705D3941C09DF7DAA523534DC0DE83A14EB54C41C0"
2008,2003,"1.260752688172043",NULL,NULL,NULL
2004,2015,"1.2606164383561644",NULL,NULL,NULL
6408,6408,"54.38626649370666","0101000020E61000009DF7DAA523534DC0DE83A14EB54C41C0","0101000020E61000009DF7DAA523534DC0DE83A14EB54C41C0","0102000020E6100000020000009DF7DAA523534DC0DE83A14EB54C41C09DF7DAA523534DC0DE83A14EB54C41C0"
6371,6756,"51.13077540571112","0101000020E6100000FF17FA653A484DC03830EF3AC14641C0","0101000020E610000032BA5B44C3444DC006F82182523E41C0","0102000020E610000002000000FF17FA653A484DC03830EF3AC14641C032BA5B44C3444DC006F82182523E41C0"
2011,6638,"50.44734697425794",NULL,"0101000020E6100000EC322B68A0734DC0660329705D3941C0",NULL
6861,2013,"48.22203668694918","0101000020E61000008071990393404DC0D261B661654341C0",NULL,NULL
2001,2014,"46.43199302077112",NULL,"0101000020E6100000698603338C324DC0F86B4621FB4A41C0",NULL
6497,6497,"46.36264427142624","0101000020E6100000BDBFF54C48944DC0DD2563059E4841C0","0101000020E6100000BDBFF54C48944DC0DD2563059E4841C0","0102000020E610000002000000BDBFF54C48944DC0DD2563059E4841C0BDBFF54C48944DC0DD2563059E4841C0"
6412,6760,"46.27358676552271","0101000020E61000006DF1CF8789634DC02E1D8967844141C0","0101000020E6100000BF9BCB5C8C584DC0F4489D56AC4641C0","0102000020E6100000020000006DF1CF8789634DC02E1D8967844141C0BF9BCB5C8C584DC0F4489D56AC4641C0"
6515,6805,"45.503835806094905","0101000020E6100000FA742950275B4DC09DB1D737603E41C0","0101000020E6100000E6EC3C0D6A4C4DC02B0854A4F53041C0","0102000020E610000002000000FA742950275B4DC09DB1D737603E41C0E6EC3C0D6A4C4DC02B0854A4F53041C0"
2012,6861,"45.404009496659924",NULL,"0101000020E61000008071990393404DC0D261B661654341C0",NULL
6252,6805,"44.83100874105474","0101000020E6100000777D10FBB5624DC0E4917347122A41C0","0101000020E6100000E6EC3C0D6A4C4DC02B0854A4F53041C0","0102000020E610000002000000777D10FBB5624DC0E4917347122A41C0E6EC3C0D6A4C4DC02B0854A4F53041C0"
6560,6364,"43.83172872852629","0101000020E61000001219B785CB674DC02626BBC92A4E41C0","0101000020E610000001018EC3717E4DC0E694FB5F475341C0","0102000020E6100000020000001219B785CB674DC02626BBC92A4E41C001018EC3717E4DC0E694FB5F475341C0"
6840,6840,"43.17819371622259","0101000020E6100000772153D8224A4DC05DADDF0E4A4C41C0","0101000020E6100000772153D8224A4DC05DADDF0E4A4C41C0","0102000020E610000002000000772153D8224A4DC05DADDF0E4A4C41C0772153D8224A4DC05DADDF0E4A4C41C0"
6735,6638,"42.308614806046315","0101000020E6100000EC20BF1F7DC24DC015E1AEC8411C41C0","0101000020E6100000EC322B68A0734DC0660329705D3941C0","0102000020E610000002000000EC20BF1F7DC24DC015E1AEC8411C41C0EC322B68A0734DC0660329705D3941C0"
6412,6805,"41.87005530331438","0101000020E61000006DF1CF8789634DC02E1D8967844141C0","0101000020E6100000E6EC3C0D6A4C4DC02B0854A4F53041C0","0102000020E6100000020000006DF1CF8789634DC02E1D8967844141C0E6EC3C0D6A4C4DC02B0854A4F53041C0"
6861,2012,"41.416809395711496","0101000020E61000008071990393404DC0D261B661654341C0",NULL,NULL
6568,6568,"41.14662877314612","0101000020E61000006A3440A5564F4DC0A183F6151F5341C0","0101000020E61000006A3440A5564F4DC0A183F6151F5341C0","0102000020E6100000020000006A3440A5564F4DC0A183F6151F5341C06A3440A5564F4DC0A183F6151F5341C0"
2002,2014,"40.40563844817121",NULL,"0101000020E6100000698603338C324DC0F86B4621FB4A41C0",NULL
2014,2013,"37.37099162275236","0101000020E6100000698603338C324DC0F86B4621FB4A41C0",NULL,NULL
2014,2014,"36.728250843887956","0101000020E6100000698603338C324DC0F86B4621FB4A41C0","0101000020E6100000698603338C324DC0F86B4621FB4A41C0","0102000020E610000002000000698603338C324DC0F86B4621FB4A41C0698603338C324DC0F86B4621FB4A41C0"
6805,6749,"36.306676519814445","0101000020E6100000E6EC3C0D6A4C4DC02B0854A4F53041C0","0101000020E61000004B36A6208F444DC044110795C51341C0","0102000020E610000002000000E6EC3C0D6A4C4DC02B0854A4F53041C04B36A6208F444DC044110795C51341C0"
6568,6560,"35.08854308057666","0101000020E61000006A3440A5564F4DC0A183F6151F5341C0","0101000020E61000001219B785CB674DC02626BBC92A4E41C0","0102000020E6100000020000006A3440A5564F4DC0A183F6151F5341C01219B785CB674DC02626BBC92A4E41C0"
2011,2012,"31.859297964815983",NULL,NULL,NULL
2013,2013,"31.4138665085195",NULL,NULL,NULL
2003,2014,"31.388159133443402",NULL,"0101000020E6100000698603338C324DC0F86B4621FB4A41C0",NULL
6805,6515,"29.640598189307617","0101000020E6100000E6EC3C0D6A4C4DC02B0854A4F53041C0","0101000020E6100000FA742950275B4DC09DB1D737603E41C0","0102000020E610000002000000E6EC3C0D6A4C4DC02B0854A4F53041C0FA742950275B4DC09DB1D737603E41C0"
6760,6805,"29.25933603322333","0101000020E6100000BF9BCB5C8C584DC0F4489D56AC4641C0","0101000020E6100000E6EC3C0D6A4C4DC02B0854A4F53041C0","0102000020E610000002000000BF9BCB5C8C584DC0F4489D56AC4641C0E6EC3C0D6A4C4DC02B0854A4F53041C0"
6805,6412,"29.228071944981323","0101000020E6100000E6EC3C0D6A4C4DC02B0854A4F53041C0","0101000020E61000006DF1CF8789634DC02E1D8967844141C0","0102000020E610000002000000E6EC3C0D6A4C4DC02B0854A4F53041C06DF1CF8789634DC02E1D8967844141C0"
2001,2002,"29.089307540266",NULL,NULL,NULL
6490,2011,"28.697874866413347","0101000020E610000010D951C248364DC0E1F93ACAA26041C0",NULL,NULL
6371,6371,"28.48614237409374","0101000020E6100000FF17FA653A484DC03830EF3AC14641C0","0101000020E6100000FF17FA653A484DC03830EF3AC14641C0","0102000020E610000002000000FF17FA653A484DC03830EF3AC14641C0FF17FA653A484DC03830EF3AC14641C0"
6126,6252,"28.08179915884983","0101000020E6100000817854BF04714DC0011FBBBAB61141C0","0101000020E6100000777D10FBB5624DC0E4917347122A41C0","0102000020E610000002000000817854BF04714DC0011FBBBAB61141C0777D10FBB5624DC0E4917347122A41C0"
2004,2001,"27.590597752666877",NULL,NULL,NULL
6412,6560,"26.76556683928906","0101000020E61000006DF1CF8789634DC02E1D8967844141C0","0101000020E61000001219B785CB674DC02626BBC92A4E41C0","0102000020E6100000020000006DF1CF8789634DC02E1D8967844141C01219B785CB674DC02626BBC92A4E41C0"
2015,6638,"25.944589181630075",NULL,"0101000020E6100000EC322B68A0734DC0660329705D3941C0",NULL
6266,6126,"25.238554188521217","0101000020E61000005299F70AF6934DC07E304FF5C62541C0","0101000020E6100000817854BF04714DC0011FBBBAB61141C0","0102000020E6100000020000005299F70AF6934DC07E304FF5C62541C0817854BF04714DC0011FBBBAB61141C0"
6427,6568,"24.408736565401263","0101000020E6100000CFA6C19A0E504DC018533FC49A6241C0","0101000020E61000006A3440A5564F4DC0A183F6151F5341C0","0102000020E610000002000000CFA6C19A0E504DC018533FC49A6241C06A3440A5564F4DC0A183F6151F5341C0"
2014,2003,"24.289770484340348","0101000020E6100000698603338C324DC0F86B4621FB4A41C0",NULL,NULL
6412,6252,"23.54937742594961","0101000020E61000006DF1CF8789634DC02E1D8967844141C0","0101000020E6100000777D10FBB5624DC0E4917347122A41C0","0102000020E6100000020000006DF1CF8789634DC02E1D8967844141C0777D10FBB5624DC0E4917347122A41C0"
6371,6861,"23.515537449725294","0101000020E6100000FF17FA653A484DC03830EF3AC14641C0","0101000020E61000008071990393404DC0D261B661654341C0","0102000020E610000002000000FF17FA653A484DC03830EF3AC14641C08071990393404DC0D261B661654341C0"
2011,2007,"23.328475277402486",NULL,"0101000020E6100000D70060B28D2F4DC0499B26F19F4D41C0",NULL
6427,6427,"22.587284078471235","0101000020E6100000CFA6C19A0E504DC018533FC49A6241C0","0101000020E6100000CFA6C19A0E504DC018533FC49A6241C0","0102000020E610000002000000CFA6C19A0E504DC018533FC49A6241C0CFA6C19A0E504DC018533FC49A6241C0"
6840,6371,"22.556312598835945","0101000020E6100000772153D8224A4DC05DADDF0E4A4C41C0","0101000020E6100000FF17FA653A484DC03830EF3AC14641C0","0102000020E610000002000000772153D8224A4DC05DADDF0E4A4C41C0FF17FA653A484DC03830EF3AC14641C0"
6840,6568,"22.380094469278834","0101000020E6100000772153D8224A4DC05DADDF0E4A4C41C0","0101000020E61000006A3440A5564F4DC0A183F6151F5341C0","0102000020E610000002000000772153D8224A4DC05DADDF0E4A4C41C06A3440A5564F4DC0A183F6151F5341C0"
2011,2011,"22.33500672424252",NULL,NULL,NULL
6568,6840,"21.893061487168335","0101000020E61000006A3440A5564F4DC0A183F6151F5341C0","0101000020E6100000772153D8224A4DC05DADDF0E4A4C41C0","0102000020E6100000020000006A3440A5564F4DC0A183F6151F5341C0772153D8224A4DC05DADDF0E4A4C41C0"
6560,6805,"21.58306841498813","0101000020E61000001219B785CB674DC02626BBC92A4E41C0","0101000020E6100000E6EC3C0D6A4C4DC02B0854A4F53041C0","0102000020E6100000020000001219B785CB674DC02626BBC92A4E41C0E6EC3C0D6A4C4DC02B0854A4F53041C0"
2001,2003,"20.90053359009548",NULL,NULL,NULL
6490,6490,"20.472264876720434","0101000020E610000010D951C248364DC0E1F93ACAA26041C0","0101000020E610000010D951C248364DC0E1F93ACAA26041C0","0102000020E61000000200000010D951C248364DC0E1F93ACAA26041C010D951C248364DC0E1F93ACAA26041C0"
6560,6539,"20.297194700125107","0101000020E61000001219B785CB674DC02626BBC92A4E41C0","0101000020E61000003482497EF85E4DC075D7C927025B41C0","0102000020E6100000020000001219B785CB674DC02626BBC92A4E41C03482497EF85E4DC075D7C927025B41C0"
2013,2014,"19.651371255781374",NULL,"0101000020E6100000698603338C324DC0F86B4621FB4A41C0",NULL
6371,6840,"18.909981321718472","0101000020E6100000FF17FA653A484DC03830EF3AC14641C0","0101000020E6100000772153D8224A4DC05DADDF0E4A4C41C0","0102000020E610000002000000FF17FA653A484DC03830EF3AC14641C0772153D8224A4DC05DADDF0E4A4C41C0"
2001,2004,"18.309519757968268",NULL,NULL,NULL
6728,6638,"18.02972764096858","0101000020E6100000FA627BC591BC4DC036CB5D95073841C0","0101000020E6100000EC322B68A0734DC0660329705D3941C0","0102000020E610000002000000FA627BC591BC4DC036CB5D95073841C0EC322B68A0734DC0660329705D3941C0"
2014,2001,"17.40364989095429","0101000020E6100000698603338C324DC0F86B4621FB4A41C0",NULL,NULL
6364,6560,"17.39104125276534","0101000020E610000001018EC3717E4DC0E694FB5F475341C0","0101000020E61000001219B785CB674DC02626BBC92A4E41C0","0102000020E61000000200000001018EC3717E4DC0E694FB5F475341C01219B785CB674DC02626BBC92A4E41C0"
2013,6861,"16.862885248794687",NULL,"0101000020E61000008071990393404DC0D261B661654341C0",NULL
6252,6515,"16.357956220728916","0101000020E6100000777D10FBB5624DC0E4917347122A41C0","0101000020E6100000FA742950275B4DC09DB1D737603E41C0","0102000020E610000002000000777D10FBB5624DC0E4917347122A41C0FA742950275B4DC09DB1D737603E41C0"
2012,2012,"16.350781949104764",NULL,NULL,NULL
6756,6371,"16.23843821660733","0101000020E610000032BA5B44C3444DC006F82182523E41C0","0101000020E6100000FF17FA653A484DC03830EF3AC14641C0","0102000020E61000000200000032BA5B44C3444DC006F82182523E41C0FF17FA653A484DC03830EF3AC14641C0"
2011,2010,"15.91948149298885",NULL,NULL,NULL
6756,6861,"15.779684547839496","0101000020E610000032BA5B44C3444DC006F82182523E41C0","0101000020E61000008071990393404DC0D261B661654341C0","0102000020E61000000200000032BA5B44C3444DC006F82182523E41C08071990393404DC0D261B661654341C0"
6861,6756,"15.460976708055448","0101000020E61000008071990393404DC0D261B661654341C0","0101000020E610000032BA5B44C3444DC006F82182523E41C0","0102000020E6100000020000008071990393404DC0D261B661654341C032BA5B44C3444DC006F82182523E41C0"
6805,6760,"15.42640376478294","0101000020E6100000E6EC3C0D6A4C4DC02B0854A4F53041C0","0101000020E6100000BF9BCB5C8C584DC0F4489D56AC4641C0","0102000020E610000002000000E6EC3C0D6A4C4DC02B0854A4F53041C0BF9BCB5C8C584DC0F4489D56AC4641C0"
6658,2001,"14.998944407004142","0101000020E610000010E7681570234DC080DBEC85135E41C0",NULL,NULL
2003,2001,"14.985924036529902",NULL,NULL,NULL
6760,6560,"14.361957438242428","0101000020E6100000BF9BCB5C8C584DC0F4489D56AC4641C0","0101000020E61000001219B785CB674DC02626BBC92A4E41C0","0102000020E610000002000000BF9BCB5C8C584DC0F4489D56AC4641C01219B785CB674DC02626BBC92A4E41C0"
2004,2014,"14.33753992025148",NULL,"0101000020E6100000698603338C324DC0F86B4621FB4A41C0",NULL
2010,2011,"14.294294649684195",NULL,NULL,NULL
6410,6560,"14.124771854761738","0101000020E6100000A61A954529584DC0EE6D69CB6A5141C0","0101000020E61000001219B785CB674DC02626BBC92A4E41C0","0102000020E610000002000000A61A954529584DC0EE6D69CB6A5141C01219B785CB674DC02626BBC92A4E41C0"
6490,6756,"13.972601921731284","0101000020E610000010D951C248364DC0E1F93ACAA26041C0","0101000020E610000032BA5B44C3444DC006F82182523E41C0","0102000020E61000000200000010D951C248364DC0E1F93ACAA26041C032BA5B44C3444DC006F82182523E41C0"
6490,6805,"13.946404035451572","0101000020E610000010D951C248364DC0E1F93ACAA26041C0","0101000020E6100000E6EC3C0D6A4C4DC02B0854A4F53041C0","0102000020E61000000200000010D951C248364DC0E1F93ACAA26041C0E6EC3C0D6A4C4DC02B0854A4F53041C0"
6371,6638,"13.580751595280487","0101000020E6100000FF17FA653A484DC03830EF3AC14641C0","0101000020E6100000EC322B68A0734DC0660329705D3941C0","0102000020E610000002000000FF17FA653A484DC03830EF3AC14641C0EC322B68A0734DC0660329705D3941C0"
6427,6840,"12.83495094671501","0101000020E6100000CFA6C19A0E504DC018533FC49A6241C0","0101000020E6100000772153D8224A4DC05DADDF0E4A4C41C0","0102000020E610000002000000CFA6C19A0E504DC018533FC49A6241C0772153D8224A4DC05DADDF0E4A4C41C0"
2001,6861,"12.817818165445178",NULL,"0101000020E61000008071990393404DC0D261B661654341C0",NULL
6035,2001,"12.772112195634445","0101000020E6100000BD3ADC9FAA2B4DC0E9F5243CCF5641C0",NULL,NULL
6756,6805,"12.746588424979551","0101000020E610000032BA5B44C3444DC006F82182523E41C0","0101000020E6100000E6EC3C0D6A4C4DC02B0854A4F53041C0","0102000020E61000000200000032BA5B44C3444DC006F82182523E41C0E6EC3C0D6A4C4DC02B0854A4F53041C0"
6490,2012,"12.214488335614622","0101000020E610000010D951C248364DC0E1F93ACAA26041C0",NULL,NULL
2002,2001,"12.1387939986264",NULL,NULL,NULL
2009,2013,"12.047925435768384",NULL,NULL,NULL
2007,2011,"12.047199776969356","0101000020E6100000D70060B28D2F4DC0499B26F19F4D41C0",NULL,NULL
6861,2014,"11.940787343221535","0101000020E61000008071990393404DC0D261B661654341C0","0101000020E6100000698603338C324DC0F86B4621FB4A41C0","0102000020E6100000020000008071990393404DC0D261B661654341C0698603338C324DC0F86B4621FB4A41C0"
2001,2013,"11.914066696928872",NULL,NULL,NULL
2011,2009,"11.623500931884664",NULL,NULL,NULL
6252,6126,"11.51307647606906","0101000020E6100000777D10FBB5624DC0E4917347122A41C0","0101000020E6100000817854BF04714DC0011FBBBAB61141C0","0102000020E610000002000000777D10FBB5624DC0E4917347122A41C0817854BF04714DC0011FBBBAB61141C0"
6560,6568,"11.442409386681629","0101000020E61000001219B785CB674DC02626BBC92A4E41C0","0101000020E61000006A3440A5564F4DC0A183F6151F5341C0","0102000020E6100000020000001219B785CB674DC02626BBC92A4E41C06A3440A5564F4DC0A183F6151F5341C0"
6490,2001,"11.324638678858461","0101000020E610000010D951C248364DC0E1F93ACAA26041C0",NULL,NULL
6427,2009,"11.307340078429007","0101000020E6100000CFA6C19A0E504DC018533FC49A6241C0",NULL,NULL
6749,6756,"11.183529721503282","0101000020E61000004B36A6208F444DC044110795C51341C0","0101000020E610000032BA5B44C3444DC006F82182523E41C0","0102000020E6100000020000004B36A6208F444DC044110795C51341C032BA5B44C3444DC006F82182523E41C0"
2015,2013,"10.982199030591657",NULL,NULL,NULL
2009,2012,"10.953147701868618",NULL,NULL,NULL
6882,6252,"10.876191292885778","0101000020E6100000D02DE55B69904DC06FFF74A3A0FF40C0","0101000020E6100000777D10FBB5624DC0E4917347122A41C0","0102000020E610000002000000D02DE55B69904DC06FFF74A3A0FF40C0777D10FBB5624DC0E4917347122A41C0"
2013,2015,"10.820540860079614",NULL,NULL,NULL
6861,6371,"10.820259963029466","0101000020E61000008071990393404DC0D261B661654341C0","0101000020E6100000FF17FA653A484DC03830EF3AC14641C0","0102000020E6100000020000008071990393404DC0D261B661654341C0FF17FA653A484DC03830EF3AC14641C0"
6805,6756,"10.460795503665773","0101000020E6100000E6EC3C0D6A4C4DC02B0854A4F53041C0","0101000020E610000032BA5B44C3444DC006F82182523E41C0","0102000020E610000002000000E6EC3C0D6A4C4DC02B0854A4F53041C032BA5B44C3444DC006F82182523E41C0"
6434,2001,"10.396737440708712","0101000020E61000006413426A85324DC07E12D6E0525A41C0",NULL,NULL
6560,6515,"10.004579216575594","0101000020E61000001219B785CB674DC02626BBC92A4E41C0","0101000020E6100000FA742950275B4DC09DB1D737603E41C0","0102000020E6100000020000001219B785CB674DC02626BBC92A4E41C0FA742950275B4DC09DB1D737603E41C0"
2011,2008,"9.985772659037242",NULL,NULL,NULL
6028,2001,"9.964998432079298","0101000020E61000005F3A8613062F4DC0F2B22D91F56A41C0",NULL,NULL
2013,2001,"9.838690823721397",NULL,NULL,NULL
2008,2011,"9.82047696625997",NULL,NULL,NULL
2008,2012,"9.722292643082099",NULL,NULL,NULL
2015,2014,"9.666639471849999",NULL,"0101000020E6100000698603338C324DC0F86B4621FB4A41C0",NULL
2011,2006,"9.662701532831399",NULL,NULL,NULL
6638,6749,"9.490248620170677","0101000020E6100000EC322B68A0734DC0660329705D3941C0","0101000020E61000004B36A6208F444DC044110795C51341C0","0102000020E610000002000000EC322B68A0734DC0660329705D3941C04B36A6208F444DC044110795C51341C0"
6266,6266,"9.442478842478844","0101000020E61000005299F70AF6934DC07E304FF5C62541C0","0101000020E61000005299F70AF6934DC07E304FF5C62541C0","0102000020E6100000020000005299F70AF6934DC07E304FF5C62541C05299F70AF6934DC07E304FF5C62541C0"
6638,2002,"9.410957933984895","0101000020E6100000EC322B68A0734DC0660329705D3941C0",NULL,NULL
6749,6749,"9.304388172792784","0101000020E61000004B36A6208F444DC044110795C51341C0","0101000020E61000004B36A6208F444DC044110795C51341C0","0102000020E6100000020000004B36A6208F444DC044110795C51341C04B36A6208F444DC044110795C51341C0"
2015,2001,"8.553192663061006",NULL,NULL,NULL
2011,2013,"8.525083186050972",NULL,NULL,NULL
2013,2012,"8.524924884366873",NULL,NULL,NULL
6749,6638,"8.327040496757384","0101000020E61000004B36A6208F444DC044110795C51341C0","0101000020E6100000EC322B68A0734DC0660329705D3941C0","0102000020E6100000020000004B36A6208F444DC044110795C51341C0EC322B68A0734DC0660329705D3941C0"
2014,2015,"8.242227858750208","0101000020E6100000698603338C324DC0F86B4621FB4A41C0",NULL,NULL
6560,2003,"8.137731883816537","0101000020E61000001219B785CB674DC02626BBC92A4E41C0",NULL,NULL
6756,6749,"8.110653524618288","0101000020E610000032BA5B44C3444DC006F82182523E41C0","0101000020E61000004B36A6208F444DC044110795C51341C0","0102000020E61000000200000032BA5B44C3444DC006F82182523E41C04B36A6208F444DC044110795C51341C0"
6126,6638,"8.0544731133979","0101000020E6100000817854BF04714DC0011FBBBAB61141C0","0101000020E6100000EC322B68A0734DC0660329705D3941C0","0102000020E610000002000000817854BF04714DC0011FBBBAB61141C0EC322B68A0734DC0660329705D3941C0"
2014,2011,"8.05402157889321","0101000020E6100000698603338C324DC0F86B4621FB4A41C0",NULL,NULL
6260,6490,"7.9441697864801455","0101000020E6100000D4C636A10C3D4DC00425C434656A41C0","0101000020E610000010D951C248364DC0E1F93ACAA26041C0","0102000020E610000002000000D4C636A10C3D4DC00425C434656A41C010D951C248364DC0E1F93ACAA26041C0"
6756,6252,"7.711288894634586","0101000020E610000032BA5B44C3444DC006F82182523E41C0","0101000020E6100000777D10FBB5624DC0E4917347122A41C0","0102000020E61000000200000032BA5B44C3444DC006F82182523E41C0777D10FBB5624DC0E4917347122A41C0"
2009,2011,"7.581080265167699",NULL,NULL,NULL
2015,2003,"7.536175677533982",NULL,NULL,NULL
2006,2014,"7.3657428303835495",NULL,"0101000020E6100000698603338C324DC0F86B4621FB4A41C0",NULL
2003,2015,"7.3482077672605906",NULL,NULL,NULL
2011,2015,"7.2614558369187305",NULL,NULL,NULL
2015,2015,"7.231088538305441",NULL,NULL,NULL
6861,2003,"7.11275563706463","0101000020E61000008071990393404DC0D261B661654341C0",NULL,NULL
6408,6840,"6.998924438031562","0101000020E61000009DF7DAA523534DC0DE83A14EB54C41C0","0101000020E6100000772153D8224A4DC05DADDF0E4A4C41C0","0102000020E6100000020000009DF7DAA523534DC0DE83A14EB54C41C0772153D8224A4DC05DADDF0E4A4C41C0"
6760,6252,"6.269949202434868","0101000020E6100000BF9BCB5C8C584DC0F4489D56AC4641C0","0101000020E6100000777D10FBB5624DC0E4917347122A41C0","0102000020E610000002000000BF9BCB5C8C584DC0F4489D56AC4641C0777D10FBB5624DC0E4917347122A41C0"
2005,2014,"6.25647548096461",NULL,"0101000020E6100000698603338C324DC0F86B4621FB4A41C0",NULL
2014,2012,"6.234741936584536","0101000020E6100000698603338C324DC0F86B4621FB4A41C0",NULL,NULL
2015,2005,"6.169829165454825",NULL,NULL,NULL
6539,6568,"6.125083594276806","0101000020E61000003482497EF85E4DC075D7C927025B41C0","0101000020E61000006A3440A5564F4DC0A183F6151F5341C0","0102000020E6100000020000003482497EF85E4DC075D7C927025B41C06A3440A5564F4DC0A183F6151F5341C0"
6091,2001,"6.0926808928722185","0101000020E610000016C8A729E6134DC08573A03EBC6841C0",NULL,NULL
2008,2013,"6.062516278805218",NULL,NULL,NULL
2015,2006,"6.058818373227988",NULL,NULL,NULL
2011,6412,"6.037100011786434",NULL,"0101000020E61000006DF1CF8789634DC02E1D8967844141C0",NULL
6560,6756,"5.9430244950399125","0101000020E61000001219B785CB674DC02626BBC92A4E41C0","0101000020E610000032BA5B44C3444DC006F82182523E41C0","0102000020E6100000020000001219B785CB674DC02626BBC92A4E41C032BA5B44C3444DC006F82182523E41C0"
6427,2008,"5.940869987008775","0101000020E6100000CFA6C19A0E504DC018533FC49A6241C0",NULL,NULL
6410,6410,"5.898146460376198","0101000020E6100000A61A954529584DC0EE6D69CB6A5141C0","0101000020E6100000A61A954529584DC0EE6D69CB6A5141C0","0102000020E610000002000000A61A954529584DC0EE6D69CB6A5141C0A61A954529584DC0EE6D69CB6A5141C0"
6861,2002,"5.856459821581046","0101000020E61000008071990393404DC0D261B661654341C0",NULL,NULL
6560,2009,"5.818843254653645","0101000020E61000001219B785CB674DC02626BBC92A4E41C0",NULL,NULL
2014,6861,"5.818729225932468","0101000020E6100000698603338C324DC0F86B4621FB4A41C0","0101000020E61000008071990393404DC0D261B661654341C0","0102000020E610000002000000698603338C324DC0F86B4621FB4A41C08071990393404DC0D261B661654341C0"
6560,6410,"5.818088948805667","0101000020E61000001219B785CB674DC02626BBC92A4E41C0","0101000020E6100000A61A954529584DC0EE6D69CB6A5141C0","0102000020E6100000020000001219B785CB674DC02626BBC92A4E41C0A61A954529584DC0EE6D69CB6A5141C0"
2008,6756,"5.711071492897881",NULL,"0101000020E610000032BA5B44C3444DC006F82182523E41C0",NULL
2011,6756,"5.681590314793418",NULL,"0101000020E610000032BA5B44C3444DC006F82182523E41C0",NULL
6861,2001,"5.617085060106286","0101000020E61000008071990393404DC0D261B661654341C0",NULL,NULL
6126,6126,"5.547949456877246","0101000020E6100000817854BF04714DC0011FBBBAB61141C0","0101000020E6100000817854BF04714DC0011FBBBAB61141C0","0102000020E610000002000000817854BF04714DC0011FBBBAB61141C0817854BF04714DC0011FBBBAB61141C0"
2011,6490,"5.175179575792681",NULL,"0101000020E610000010D951C248364DC0E1F93ACAA26041C0",NULL
6840,6427,"5.127431057703655","0101000020E6100000772153D8224A4DC05DADDF0E4A4C41C0","0101000020E6100000CFA6C19A0E504DC018533FC49A6241C0","0102000020E610000002000000772153D8224A4DC05DADDF0E4A4C41C0CFA6C19A0E504DC018533FC49A6241C0"
6840,6408,"5.0804923998094065","0101000020E6100000772153D8224A4DC05DADDF0E4A4C41C0","0101000020E61000009DF7DAA523534DC0DE83A14EB54C41C0","0102000020E610000002000000772153D8224A4DC05DADDF0E4A4C41C09DF7DAA523534DC0DE83A14EB54C41C0"
2010,6840,"5.065847316305816",NULL,"0101000020E6100000772153D8224A4DC05DADDF0E4A4C41C0",NULL
6434,6434,"5.041039993357943","0101000020E61000006413426A85324DC07E12D6E0525A41C0","0101000020E61000006413426A85324DC07E12D6E0525A41C0","0102000020E6100000020000006413426A85324DC07E12D6E0525A41C06413426A85324DC07E12D6E0525A41C0"
6568,6756,"4.939404163297244","0101000020E61000006A3440A5564F4DC0A183F6151F5341C0","0101000020E610000032BA5B44C3444DC006F82182523E41C0","0102000020E6100000020000006A3440A5564F4DC0A183F6151F5341C032BA5B44C3444DC006F82182523E41C0"
2006,2001,"4.8695358695856115",NULL,NULL,NULL
6371,6760,"4.859139286808416","0101000020E6100000FF17FA653A484DC03830EF3AC14641C0","0101000020E6100000BF9BCB5C8C584DC0F4489D56AC4641C0","0102000020E610000002000000FF17FA653A484DC03830EF3AC14641C0BF9BCB5C8C584DC0F4489D56AC4641C0"
6760,6410,"4.858340365997152","0101000020E6100000BF9BCB5C8C584DC0F4489D56AC4641C0","0101000020E6100000A61A954529584DC0EE6D69CB6A5141C0","0102000020E610000002000000BF9BCB5C8C584DC0F4489D56AC4641C0A61A954529584DC0EE6D69CB6A5141C0"
6434,6490,"4.816319412346888","0101000020E61000006413426A85324DC07E12D6E0525A41C0","0101000020E610000010D951C248364DC0E1F93ACAA26041C0","0102000020E6100000020000006413426A85324DC07E12D6E0525A41C010D951C248364DC0E1F93ACAA26041C0"
6568,6408,"4.785262059918049","0101000020E61000006A3440A5564F4DC0A183F6151F5341C0","0101000020E61000009DF7DAA523534DC0DE83A14EB54C41C0","0102000020E6100000020000006A3440A5564F4DC0A183F6151F5341C09DF7DAA523534DC0DE83A14EB54C41C0"
2006,2015,"4.759489535653657",NULL,NULL,NULL
2012,6490,"4.752262443438914",NULL,"0101000020E610000010D951C248364DC0E1F93ACAA26041C0",NULL
6805,2013,"4.73414625628088","0101000020E6100000E6EC3C0D6A4C4DC02B0854A4F53041C0",NULL,NULL
6364,6497,"4.73197593783593","0101000020E610000001018EC3717E4DC0E694FB5F475341C0","0101000020E6100000BDBFF54C48944DC0DD2563059E4841C0","0102000020E61000000200000001018EC3717E4DC0E694FB5F475341C0BDBFF54C48944DC0DD2563059E4841C0"
2005,2011,"4.692705261487023",NULL,NULL,NULL
2002,6861,"4.666726704132125",NULL,"0101000020E61000008071990393404DC0D261B661654341C0",NULL
2012,2002,"4.633712787714119",NULL,NULL,NULL
6252,6861,"4.632720343414445","0101000020E6100000777D10FBB5624DC0E4917347122A41C0","0101000020E61000008071990393404DC0D261B661654341C0","0102000020E610000002000000777D10FBB5624DC0E4917347122A41C08071990393404DC0D261B661654341C0"
2011,2014,"4.616090916813209",NULL,"0101000020E6100000698603338C324DC0F86B4621FB4A41C0",NULL
6252,6756,"4.572326689047073","0101000020E6100000777D10FBB5624DC0E4917347122A41C0","0101000020E610000032BA5B44C3444DC006F82182523E41C0","0102000020E610000002000000777D10FBB5624DC0E4917347122A41C032BA5B44C3444DC006F82182523E41C0"
6882,6882,"4.5","0101000020E6100000D02DE55B69904DC06FFF74A3A0FF40C0","0101000020E6100000D02DE55B69904DC06FFF74A3A0FF40C0","0102000020E610000002000000D02DE55B69904DC06FFF74A3A0FF40C0D02DE55B69904DC06FFF74A3A0FF40C0"
6252,6412,"4.454782081292337","0101000020E6100000777D10FBB5624DC0E4917347122A41C0","0101000020E61000006DF1CF8789634DC02E1D8967844141C0","0102000020E610000002000000777D10FBB5624DC0E4917347122A41C06DF1CF8789634DC02E1D8967844141C0"
6515,6756,"4.4534743129227605","0101000020E6100000FA742950275B4DC09DB1D737603E41C0","0101000020E610000032BA5B44C3444DC006F82182523E41C0","0102000020E610000002000000FA742950275B4DC09DB1D737603E41C032BA5B44C3444DC006F82182523E41C0"
6427,6560,"4.448553272468269","0101000020E6100000CFA6C19A0E504DC018533FC49A6241C0","0101000020E61000001219B785CB674DC02626BBC92A4E41C0","0102000020E610000002000000CFA6C19A0E504DC018533FC49A6241C01219B785CB674DC02626BBC92A4E41C0"
6778,2001,"4.362373417611439","0101000020E6100000898F1A9E45374DC034159832278941C0",NULL,NULL
6658,6658,"4.31507982941082","0101000020E610000010E7681570234DC080DBEC85135E41C0","0101000020E610000010E7681570234DC080DBEC85135E41C0","0102000020E61000000200000010E7681570234DC080DBEC85135E41C010E7681570234DC080DBEC85135E41C0"
2002,6638,"4.242726608072155",NULL,"0101000020E6100000EC322B68A0734DC0660329705D3941C0",NULL
6568,6410,"4.181802838530026","0101000020E61000006A3440A5564F4DC0A183F6151F5341C0","0101000020E6100000A61A954529584DC0EE6D69CB6A5141C0","0102000020E6100000020000006A3440A5564F4DC0A183F6151F5341C0A61A954529584DC0EE6D69CB6A5141C0"
6760,6408,"4.055716790743668","0101000020E6100000BF9BCB5C8C584DC0F4489D56AC4641C0","0101000020E61000009DF7DAA523534DC0DE83A14EB54C41C0","0102000020E610000002000000BF9BCB5C8C584DC0F4489D56AC4641C09DF7DAA523534DC0DE83A14EB54C41C0"
6408,6371,"4.0495709357749785","0101000020E61000009DF7DAA523534DC0DE83A14EB54C41C0","0101000020E6100000FF17FA653A484DC03830EF3AC14641C0","0102000020E6100000020000009DF7DAA523534DC0DE83A14EB54C41C0FF17FA653A484DC03830EF3AC14641C0"
6525,6539,"4.035753119027195","0101000020E6100000F843A0BB856C4DC098EFC73F316841C0","0101000020E61000003482497EF85E4DC075D7C927025B41C0","0102000020E610000002000000F843A0BB856C4DC098EFC73F316841C03482497EF85E4DC075D7C927025B41C0"
2008,6861,"3.89993847871581",NULL,"0101000020E61000008071990393404DC0D261B661654341C0",NULL
2012,2014,"3.899577989953468",NULL,"0101000020E6100000698603338C324DC0F86B4621FB4A41C0",NULL
2012,6756,"3.874315480636529",NULL,"0101000020E610000032BA5B44C3444DC006F82182523E41C0",NULL
6371,6805,"3.8653071033748754","0101000020E6100000FF17FA653A484DC03830EF3AC14641C0","0101000020E6100000E6EC3C0D6A4C4DC02B0854A4F53041C0","0102000020E610000002000000FF17FA653A484DC03830EF3AC14641C0E6EC3C0D6A4C4DC02B0854A4F53041C0"
6568,6427,"3.8395826598379017","0101000020E61000006A3440A5564F4DC0A183F6151F5341C0","0101000020E6100000CFA6C19A0E504DC018533FC49A6241C0","0102000020E6100000020000006A3440A5564F4DC0A183F6151F5341C0CFA6C19A0E504DC018533FC49A6241C0"
6371,6568,"3.8378624791983853","0101000020E6100000FF17FA653A484DC03830EF3AC14641C0","0101000020E61000006A3440A5564F4DC0A183F6151F5341C0","0102000020E610000002000000FF17FA653A484DC03830EF3AC14641C06A3440A5564F4DC0A183F6151F5341C0"
6028,6028,"3.8285379441538145","0101000020E61000005F3A8613062F4DC0F2B22D91F56A41C0","0101000020E61000005F3A8613062F4DC0F2B22D91F56A41C0","0102000020E6100000020000005F3A8613062F4DC0F2B22D91F56A41C05F3A8613062F4DC0F2B22D91F56A41C0"
6412,6749,"3.8177725735102785","0101000020E61000006DF1CF8789634DC02E1D8967844141C0","0101000020E61000004B36A6208F444DC044110795C51341C0","0102000020E6100000020000006DF1CF8789634DC02E1D8967844141C04B36A6208F444DC044110795C51341C0"
2012,2011,"3.8056888038046752",NULL,NULL,NULL
6861,2007,"3.7906494349528246","0101000020E61000008071990393404DC0D261B661654341C0","0101000020E6100000D70060B28D2F4DC0499B26F19F4D41C0","0102000020E6100000020000008071990393404DC0D261B661654341C0D70060B28D2F4DC0499B26F19F4D41C0"
2007,2001,"3.7899891878109617","0101000020E6100000D70060B28D2F4DC0499B26F19F4D41C0",NULL,NULL
6410,6756,"3.7343172401830733","0101000020E6100000A61A954529584DC0EE6D69CB6A5141C0","0101000020E610000032BA5B44C3444DC006F82182523E41C0","0102000020E610000002000000A61A954529584DC0EE6D69CB6A5141C032BA5B44C3444DC006F82182523E41C0"
2005,2001,"3.710736239246101",NULL,NULL,NULL
2007,2014,"3.69693180598042","0101000020E6100000D70060B28D2F4DC0499B26F19F4D41C0","0101000020E6100000698603338C324DC0F86B4621FB4A41C0","0102000020E610000002000000D70060B28D2F4DC0499B26F19F4D41C0698603338C324DC0F86B4621FB4A41C0"
2013,2003,"3.6840913038832976",NULL,NULL,NULL
2015,2012,"3.6788419438574693",NULL,NULL,NULL
6756,2013,"3.676832458074441","0101000020E610000032BA5B44C3444DC006F82182523E41C0",NULL,NULL
6490,2013,"3.667905831566398","0101000020E610000010D951C248364DC0E1F93ACAA26041C0",NULL,NULL
2009,6560,"3.662127473370375",NULL,"0101000020E61000001219B785CB674DC02626BBC92A4E41C0",NULL
2001,6035,"3.6487056136085054",NULL,"0101000020E6100000BD3ADC9FAA2B4DC0E9F5243CCF5641C0",NULL
2013,2002,"3.6429803795398046",NULL,NULL,NULL
2005,2015,"3.640254712439757",NULL,NULL,NULL
2001,2007,"3.6367912326187755",NULL,"0101000020E6100000D70060B28D2F4DC0499B26F19F4D41C0",NULL
2001,2006,"3.627484707816431",NULL,NULL,NULL
2001,6412,"3.6214768190354016",NULL,"0101000020E61000006DF1CF8789634DC02E1D8967844141C0",NULL
2004,2004,"3.6197657457522237",NULL,NULL,NULL
6638,6371,"3.6128826867958237","0101000020E6100000EC322B68A0734DC0660329705D3941C0","0101000020E6100000FF17FA653A484DC03830EF3AC14641C0","0102000020E610000002000000EC322B68A0734DC0660329705D3941C0FF17FA653A484DC03830EF3AC14641C0"
2001,2015,"3.6100016563608386",NULL,NULL,NULL
6371,2012,"3.6063820273720215","0101000020E6100000FF17FA653A484DC03830EF3AC14641C0",NULL,NULL
2015,6861,"3.605729715777393",NULL,"0101000020E61000008071990393404DC0D261B661654341C0",NULL
2008,6490,"3.6048065495221624",NULL,"0101000020E610000010D951C248364DC0E1F93ACAA26041C0",NULL
6760,6371,"3.6013690275448322","0101000020E6100000BF9BCB5C8C584DC0F4489D56AC4641C0","0101000020E6100000FF17FA653A484DC03830EF3AC14641C0","0102000020E610000002000000BF9BCB5C8C584DC0F4489D56AC4641C0FF17FA653A484DC03830EF3AC14641C0"
6539,6410,"3.5801063141217613","0101000020E61000003482497EF85E4DC075D7C927025B41C0","0101000020E6100000A61A954529584DC0EE6D69CB6A5141C0","0102000020E6100000020000003482497EF85E4DC075D7C927025B41C0A61A954529584DC0EE6D69CB6A5141C0"
6749,6760,"3.5587055381597033","0101000020E61000004B36A6208F444DC044110795C51341C0","0101000020E6100000BF9BCB5C8C584DC0F4489D56AC4641C0","0102000020E6100000020000004B36A6208F444DC044110795C51341C0BF9BCB5C8C584DC0F4489D56AC4641C0"
2001,6658,"3.5566241689321307",NULL,"0101000020E610000010E7681570234DC080DBEC85135E41C0",NULL
6840,2010,"3.533271846979857","0101000020E6100000772153D8224A4DC05DADDF0E4A4C41C0",NULL,NULL
6861,6252,"3.4909273481190977","0101000020E61000008071990393404DC0D261B661654341C0","0101000020E6100000777D10FBB5624DC0E4917347122A41C0","0102000020E6100000020000008071990393404DC0D261B661654341C0777D10FBB5624DC0E4917347122A41C0"
6260,2001,"3.4886867115434192","0101000020E6100000D4C636A10C3D4DC00425C434656A41C0",NULL,NULL
6805,6861,"3.4123342017795606","0101000020E6100000E6EC3C0D6A4C4DC02B0854A4F53041C0","0101000020E61000008071990393404DC0D261B661654341C0","0102000020E610000002000000E6EC3C0D6A4C4DC02B0854A4F53041C08071990393404DC0D261B661654341C0"
2001,6490,"3.3814560002566676",NULL,"0101000020E610000010D951C248364DC0E1F93ACAA26041C0",NULL
6882,6638,"3.343283582089552","0101000020E6100000D02DE55B69904DC06FFF74A3A0FF40C0","0101000020E6100000EC322B68A0734DC0660329705D3941C0","0102000020E610000002000000D02DE55B69904DC06FFF74A3A0FF40C0EC322B68A0734DC0660329705D3941C0"
2001,6515,"3.22396615082712",NULL,"0101000020E6100000FA742950275B4DC09DB1D737603E41C0",NULL
6756,6412,"3.2137390328379425","0101000020E610000032BA5B44C3444DC006F82182523E41C0","0101000020E61000006DF1CF8789634DC02E1D8967844141C0","0102000020E61000000200000032BA5B44C3444DC006F82182523E41C06DF1CF8789634DC02E1D8967844141C0"
6364,6252,"3.1925904371711904","0101000020E610000001018EC3717E4DC0E694FB5F475341C0","0101000020E6100000777D10FBB5624DC0E4917347122A41C0","0102000020E61000000200000001018EC3717E4DC0E694FB5F475341C0777D10FBB5624DC0E4917347122A41C0"
6119,6778,"3.158125943890477","0101000020E61000007F4787106E164DC098B95D877B9C41C0","0101000020E6100000898F1A9E45374DC034159832278941C0","0102000020E6100000020000007F4787106E164DC098B95D877B9C41C0898F1A9E45374DC034159832278941C0"
6515,6861,"3.1514082940765116","0101000020E6100000FA742950275B4DC09DB1D737603E41C0","0101000020E61000008071990393404DC0D261B661654341C0","0102000020E610000002000000FA742950275B4DC09DB1D737603E41C08071990393404DC0D261B661654341C0"
6658,6035,"2.997328926116318","0101000020E610000010E7681570234DC080DBEC85135E41C0","0101000020E6100000BD3ADC9FAA2B4DC0E9F5243CCF5641C0","0102000020E61000000200000010E7681570234DC080DBEC85135E41C0BD3ADC9FAA2B4DC0E9F5243CCF5641C0"
6638,6735,"2.8475196916373386","0101000020E6100000EC322B68A0734DC0660329705D3941C0","0101000020E6100000EC20BF1F7DC24DC015E1AEC8411C41C0","0102000020E610000002000000EC322B68A0734DC0660329705D3941C0EC20BF1F7DC24DC015E1AEC8411C41C0"
2009,6861,"2.8297774435817846",NULL,"0101000020E61000008071990393404DC0D261B661654341C0",NULL
6260,6260,"2.8229105786090005","0101000020E6100000D4C636A10C3D4DC00425C434656A41C0","0101000020E6100000D4C636A10C3D4DC00425C434656A41C0","0102000020E610000002000000D4C636A10C3D4DC00425C434656A41C0D4C636A10C3D4DC00425C434656A41C0"
6266,6252,"2.811526794742164","0101000020E61000005299F70AF6934DC07E304FF5C62541C0","0101000020E6100000777D10FBB5624DC0E4917347122A41C0","0102000020E6100000020000005299F70AF6934DC07E304FF5C62541C0777D10FBB5624DC0E4917347122A41C0"
6126,6266,"2.7651129390259825","0101000020E6100000817854BF04714DC0011FBBBAB61141C0","0101000020E61000005299F70AF6934DC07E304FF5C62541C0","0102000020E610000002000000817854BF04714DC0011FBBBAB61141C05299F70AF6934DC07E304FF5C62541C0"
2009,6805,"2.760094188212835",NULL,"0101000020E6100000E6EC3C0D6A4C4DC02B0854A4F53041C0",NULL
2008,6805,"2.755186362555281",NULL,"0101000020E6100000E6EC3C0D6A4C4DC02B0854A4F53041C0",NULL
2014,2005,"2.70935960591133","0101000020E6100000698603338C324DC0F86B4621FB4A41C0",NULL,NULL
6840,6756,"2.6615868138433916","0101000020E6100000772153D8224A4DC05DADDF0E4A4C41C0","0101000020E610000032BA5B44C3444DC006F82182523E41C0","0102000020E610000002000000772153D8224A4DC05DADDF0E4A4C41C032BA5B44C3444DC006F82182523E41C0"
6371,6408,"2.615320619528018","0101000020E6100000FF17FA653A484DC03830EF3AC14641C0","0101000020E61000009DF7DAA523534DC0DE83A14EB54C41C0","0102000020E610000002000000FF17FA653A484DC03830EF3AC14641C09DF7DAA523534DC0DE83A14EB54C41C0"
6568,6371,"2.5558279423447963","0101000020E61000006A3440A5564F4DC0A183F6151F5341C0","0101000020E6100000FF17FA653A484DC03830EF3AC14641C0","0102000020E6100000020000006A3440A5564F4DC0A183F6151F5341C0FF17FA653A484DC03830EF3AC14641C0"
2012,6252,"2.5537185975915024",NULL,"0101000020E6100000777D10FBB5624DC0E4917347122A41C0",NULL
2005,2002,"2.5197424353728657",NULL,NULL,NULL
2007,2013,"2.5130266297298594","0101000020E6100000D70060B28D2F4DC0499B26F19F4D41C0",NULL,NULL
2014,2004,"2.5091065160093136","0101000020E6100000698603338C324DC0F86B4621FB4A41C0",NULL,NULL
6371,6412,"2.5018287446679803","0101000020E6100000FF17FA653A484DC03830EF3AC14641C0","0101000020E61000006DF1CF8789634DC02E1D8967844141C0","0102000020E610000002000000FF17FA653A484DC03830EF3AC14641C06DF1CF8789634DC02E1D8967844141C0"
6539,6427,"2.4959349593495936","0101000020E61000003482497EF85E4DC075D7C927025B41C0","0101000020E6100000CFA6C19A0E504DC018533FC49A6241C0","0102000020E6100000020000003482497EF85E4DC075D7C927025B41C0CFA6C19A0E504DC018533FC49A6241C0"
2003,2003,"2.4942268094977456",NULL,NULL,NULL
2003,2013,"2.4862108616401484",NULL,NULL,NULL
2001,2008,"2.479504926244598",NULL,NULL,NULL
2008,2001,"2.47838339445591",NULL,NULL,NULL
2001,2005,"2.4616531059845697",NULL,NULL,NULL
6749,6840,"2.455511288180611","0101000020E61000004B36A6208F444DC044110795C51341C0","0101000020E6100000772153D8224A4DC05DADDF0E4A4C41C0","0102000020E6100000020000004B36A6208F444DC044110795C51341C0772153D8224A4DC05DADDF0E4A4C41C0"
6861,2015,"2.448336034695088","0101000020E61000008071990393404DC0D261B661654341C0",NULL,NULL
2014,2007,"2.4436917866215073","0101000020E6100000698603338C324DC0F86B4621FB4A41C0","0101000020E6100000D70060B28D2F4DC0499B26F19F4D41C0","0102000020E610000002000000698603338C324DC0F86B4621FB4A41C0D70060B28D2F4DC0499B26F19F4D41C0"
2009,6490,"2.443658185824031",NULL,"0101000020E610000010D951C248364DC0E1F93ACAA26041C0",NULL
2014,2006,"2.438132747145387","0101000020E6100000698603338C324DC0F86B4621FB4A41C0",NULL,NULL
2013,6252,"2.4361886220496394",NULL,"0101000020E6100000777D10FBB5624DC0E4917347122A41C0",NULL
6840,2011,"2.431189232533394","0101000020E6100000772153D8224A4DC05DADDF0E4A4C41C0",NULL,NULL
2013,2005,"2.414133028950918",NULL,NULL,NULL
6760,6749,"2.4118873826903022","0101000020E6100000BF9BCB5C8C584DC0F4489D56AC4641C0","0101000020E61000004B36A6208F444DC044110795C51341C0","0102000020E610000002000000BF9BCB5C8C584DC0F4489D56AC4641C04B36A6208F444DC044110795C51341C0"
2001,6274,"2.406601450619509",NULL,"0101000020E61000001B58955318214DC03CAB40F1597041C0",NULL
2008,2008,"2.4044232762593882",NULL,NULL,NULL
2001,6434,"2.4005182841902473",NULL,"0101000020E61000006413426A85324DC07E12D6E0525A41C0",NULL
6568,6805,"2.3979899497487436","0101000020E61000006A3440A5564F4DC0A183F6151F5341C0","0101000020E6100000E6EC3C0D6A4C4DC02B0854A4F53041C0","0102000020E6100000020000006A3440A5564F4DC0A183F6151F5341C0E6EC3C0D6A4C4DC02B0854A4F53041C0"
6861,2004,"2.3930128205128205","0101000020E61000008071990393404DC0D261B661654341C0",NULL,NULL
2008,2004,"2.3913628725198564",NULL,NULL,NULL
6515,2013,"2.3900601194390947","0101000020E6100000FA742950275B4DC09DB1D737603E41C0",NULL,NULL
2009,6840,"2.3883565392512534",NULL,"0101000020E6100000772153D8224A4DC05DADDF0E4A4C41C0",NULL
6035,2014,"2.3844207031669624","0101000020E6100000BD3ADC9FAA2B4DC0E9F5243CCF5641C0","0101000020E6100000698603338C324DC0F86B4621FB4A41C0","0102000020E610000002000000BD3ADC9FAA2B4DC0E9F5243CCF5641C0698603338C324DC0F86B4621FB4A41C0"
6408,6760,"2.3807723789200925","0101000020E61000009DF7DAA523534DC0DE83A14EB54C41C0","0101000020E6100000BF9BCB5C8C584DC0F4489D56AC4641C0","0102000020E6100000020000009DF7DAA523534DC0DE83A14EB54C41C0BF9BCB5C8C584DC0F4489D56AC4641C0"
2015,2007,"2.3697021749753184",NULL,"0101000020E6100000D70060B28D2F4DC0499B26F19F4D41C0",NULL
6840,6412,"2.368345990365005","0101000020E6100000772153D8224A4DC05DADDF0E4A4C41C0","0101000020E61000006DF1CF8789634DC02E1D8967844141C0","0102000020E610000002000000772153D8224A4DC05DADDF0E4A4C41C06DF1CF8789634DC02E1D8967844141C0"
6412,6371,"2.3658087400814303","0101000020E61000006DF1CF8789634DC02E1D8967844141C0","0101000020E6100000FF17FA653A484DC03830EF3AC14641C0","0102000020E6100000020000006DF1CF8789634DC02E1D8967844141C0FF17FA653A484DC03830EF3AC14641C0"
6408,6568,"2.3615998838559813","0101000020E61000009DF7DAA523534DC0DE83A14EB54C41C0","0101000020E61000006A3440A5564F4DC0A183F6151F5341C0","0102000020E6100000020000009DF7DAA523534DC0DE83A14EB54C41C06A3440A5564F4DC0A183F6151F5341C0"
6441,2001,"2.3587040705684776","0101000020E61000002655E68A46024DC02E2B1B0F7E8041C0",NULL,NULL
2011,6760,"2.3482133819766027",NULL,"0101000020E6100000BF9BCB5C8C584DC0F4489D56AC4641C0",NULL
2009,2010,"2.335342822774659",NULL,NULL,NULL
6434,2013,"2.3320873499901635","0101000020E61000006413426A85324DC07E12D6E0525A41C0",NULL,NULL
6371,2001,"2.3130940224648495","0101000020E6100000FF17FA653A484DC03830EF3AC14641C0",NULL,NULL
6408,6412,"2.308819585848707","0101000020E61000009DF7DAA523534DC0DE83A14EB54C41C0","0101000020E61000006DF1CF8789634DC02E1D8967844141C0","0102000020E6100000020000009DF7DAA523534DC0DE83A14EB54C41C06DF1CF8789634DC02E1D8967844141C0"
2015,6760,"2.299768994235885",NULL,"0101000020E6100000BF9BCB5C8C584DC0F4489D56AC4641C0",NULL
6412,2011,"2.27525502219983","0101000020E61000006DF1CF8789634DC02E1D8967844141C0",NULL,NULL
6412,2014,"2.2578556008635164","0101000020E61000006DF1CF8789634DC02E1D8967844141C0","0101000020E6100000698603338C324DC0F86B4621FB4A41C0","0102000020E6100000020000006DF1CF8789634DC02E1D8967844141C0698603338C324DC0F86B4621FB4A41C0"
6840,6760,"2.2578556008635164","0101000020E6100000772153D8224A4DC05DADDF0E4A4C41C0","0101000020E6100000BF9BCB5C8C584DC0F4489D56AC4641C0","0102000020E610000002000000772153D8224A4DC05DADDF0E4A4C41C0BF9BCB5C8C584DC0F4489D56AC4641C0"
6412,2001,"2.2523892267593397","0101000020E61000006DF1CF8789634DC02E1D8967844141C0",NULL,NULL
6861,6412,"1.9991270187690964","0101000020E61000008071990393404DC0D261B661654341C0","0101000020E61000006DF1CF8789634DC02E1D8967844141C0","0102000020E6100000020000008071990393404DC0D261B661654341C06DF1CF8789634DC02E1D8967844141C0"
6749,6412,"1.9518268559460088","0101000020E61000004B36A6208F444DC044110795C51341C0","0101000020E61000006DF1CF8789634DC02E1D8967844141C0","0102000020E6100000020000004B36A6208F444DC044110795C51341C06DF1CF8789634DC02E1D8967844141C0"
6515,6749,"1.9518268559460088","0101000020E6100000FA742950275B4DC09DB1D737603E41C0","0101000020E61000004B36A6208F444DC044110795C51341C0","0102000020E610000002000000FA742950275B4DC09DB1D737603E41C04B36A6208F444DC044110795C51341C0"
6728,6497,"1.6857142857142857","0101000020E6100000FA627BC591BC4DC036CB5D95073841C0","0101000020E6100000BDBFF54C48944DC0DD2563059E4841C0","0102000020E610000002000000FA627BC591BC4DC036CB5D95073841C0BDBFF54C48944DC0DD2563059E4841C0"
6410,6408,"1.6137931034482758","0101000020E6100000A61A954529584DC0EE6D69CB6A5141C0","0101000020E61000009DF7DAA523534DC0DE83A14EB54C41C0","0102000020E610000002000000A61A954529584DC0EE6D69CB6A5141C09DF7DAA523534DC0DE83A14EB54C41C0"
6274,6274,"1.5642548596112311","0101000020E61000001B58955318214DC03CAB40F1597041C0","0101000020E61000001B58955318214DC03CAB40F1597041C0","0102000020E6100000020000001B58955318214DC03CAB40F1597041C01B58955318214DC03CAB40F1597041C0"
6412,6568,"1.5552147239263803","0101000020E61000006DF1CF8789634DC02E1D8967844141C0","0101000020E61000006A3440A5564F4DC0A183F6151F5341C0","0102000020E6100000020000006DF1CF8789634DC02E1D8967844141C06A3440A5564F4DC0A183F6151F5341C0"
2012,2009,"1.4805608667941363",NULL,NULL,NULL
2011,6371,"1.4107931630497408",NULL,"0101000020E6100000FF17FA653A484DC03830EF3AC14641C0",NULL
6805,2011,"1.4107931630497408","0101000020E6100000E6EC3C0D6A4C4DC02B0854A4F53041C0",NULL,NULL
2011,6805,"1.4107931630497408",NULL,"0101000020E6100000E6EC3C0D6A4C4DC02B0854A4F53041C0",NULL
6756,2012,"1.4107931630497408","0101000020E610000032BA5B44C3444DC006F82182523E41C0",NULL,NULL
6756,2008,"1.4107931630497408","0101000020E610000032BA5B44C3444DC006F82182523E41C0",NULL,NULL
6427,6539,"1.4102564102564104","0101000020E6100000CFA6C19A0E504DC018533FC49A6241C0","0101000020E61000003482497EF85E4DC075D7C927025B41C0","0102000020E610000002000000CFA6C19A0E504DC018533FC49A6241C03482497EF85E4DC075D7C927025B41C0"
2012,6805,"1.4058853373921867",NULL,"0101000020E6100000E6EC3C0D6A4C4DC02B0854A4F53041C0",NULL
6861,6805,"1.4058853373921867","0101000020E61000008071990393404DC0D261B661654341C0","0101000020E6100000E6EC3C0D6A4C4DC02B0854A4F53041C0","0102000020E6100000020000008071990393404DC0D261B661654341C0E6EC3C0D6A4C4DC02B0854A4F53041C0"
6735,6728,"1.4024216524216524","0101000020E6100000EC20BF1F7DC24DC015E1AEC8411C41C0","0101000020E6100000FA627BC591BC4DC036CB5D95073841C0","0102000020E610000002000000EC20BF1F7DC24DC015E1AEC8411C41C0FA627BC591BC4DC036CB5D95073841C0"
6408,6515,"1.3710801393728222","0101000020E61000009DF7DAA523534DC0DE83A14EB54C41C0","0101000020E6100000FA742950275B4DC09DB1D737603E41C0","0102000020E6100000020000009DF7DAA523534DC0DE83A14EB54C41C0FA742950275B4DC09DB1D737603E41C0"
6441,6441,"1.3608529250956807","0101000020E61000002655E68A46024DC02E2B1B0F7E8041C0","0101000020E61000002655E68A46024DC02E2B1B0F7E8041C0","0102000020E6100000020000002655E68A46024DC02E2B1B0F7E8041C02655E68A46024DC02E2B1B0F7E8041C0"
6638,6728,"1.3571428571428572","0101000020E6100000EC322B68A0734DC0660329705D3941C0","0101000020E6100000FA627BC591BC4DC036CB5D95073841C0","0102000020E610000002000000EC322B68A0734DC0660329705D3941C0FA627BC591BC4DC036CB5D95073841C0"
6728,6266,"1.349802371541502","0101000020E6100000FA627BC591BC4DC036CB5D95073841C0","0101000020E61000005299F70AF6934DC07E304FF5C62541C0","0102000020E610000002000000FA627BC591BC4DC036CB5D95073841C05299F70AF6934DC07E304FF5C62541C0"
6756,2011,"1.3493010251630941","0101000020E610000032BA5B44C3444DC006F82182523E41C0",NULL,NULL
6805,2008,"1.3493010251630941","0101000020E6100000E6EC3C0D6A4C4DC02B0854A4F53041C0",NULL,NULL
2009,6756,"1.3493010251630941",NULL,"0101000020E610000032BA5B44C3444DC006F82182523E41C0",NULL
6805,6371,"1.3271028037383177","0101000020E6100000E6EC3C0D6A4C4DC02B0854A4F53041C0","0101000020E6100000FF17FA653A484DC03830EF3AC14641C0","0102000020E610000002000000E6EC3C0D6A4C4DC02B0854A4F53041C0FF17FA653A484DC03830EF3AC14641C0"
6568,6515,"1.318359375","0101000020E61000006A3440A5564F4DC0A183F6151F5341C0","0101000020E6100000FA742950275B4DC09DB1D737603E41C0","0102000020E6100000020000006A3440A5564F4DC0A183F6151F5341C0FA742950275B4DC09DB1D737603E41C0"
6560,6371,"1.284393063583815","0101000020E61000001219B785CB674DC02626BBC92A4E41C0","0101000020E6100000FF17FA653A484DC03830EF3AC14641C0","0102000020E6100000020000001219B785CB674DC02626BBC92A4E41C0FF17FA653A484DC03830EF3AC14641C0"
6252,6760,"1.28099173553719","0101000020E6100000777D10FBB5624DC0E4917347122A41C0","0101000020E6100000BF9BCB5C8C584DC0F4489D56AC4641C0","0102000020E610000002000000777D10FBB5624DC0E4917347122A41C0BF9BCB5C8C584DC0F4489D56AC4641C0"
2009,2008,"1.266700662927078",NULL,NULL,NULL
2008,6427,"1.2627310448887212",NULL,"0101000020E6100000CFA6C19A0E504DC018533FC49A6241C0",NULL
6638,2003,"1.261912176891934","0101000020E6100000EC322B68A0734DC0660329705D3941C0",NULL,NULL
6760,6840,"1.259910173794181","0101000020E6100000BF9BCB5C8C584DC0F4489D56AC4641C0","0101000020E6100000772153D8224A4DC05DADDF0E4A4C41C0","0102000020E610000002000000BF9BCB5C8C584DC0F4489D56AC4641C0772153D8224A4DC05DADDF0E4A4C41C0"
6760,2011,"1.253130828670397","0101000020E6100000BF9BCB5C8C584DC0F4489D56AC4641C0",NULL,NULL
6412,6840,"1.253130828670397","0101000020E61000006DF1CF8789634DC02E1D8967844141C0","0101000020E6100000772153D8224A4DC05DADDF0E4A4C41C0","0102000020E6100000020000006DF1CF8789634DC02E1D8967844141C0772153D8224A4DC05DADDF0E4A4C41C0"
2014,6412,"1.253130828670397","0101000020E6100000698603338C324DC0F86B4621FB4A41C0","0101000020E61000006DF1CF8789634DC02E1D8967844141C0","0102000020E610000002000000698603338C324DC0F86B4621FB4A41C06DF1CF8789634DC02E1D8967844141C0"
2012,2005,"1.252369627408403",NULL,NULL,NULL
6749,2013,"1.2517766497461928","0101000020E61000004B36A6208F444DC044110795C51341C0",NULL,NULL
2005,2003,"1.2417503586800573",NULL,NULL,NULL
6638,2005,"1.2362025316455696","0101000020E6100000EC322B68A0734DC0660329705D3941C0",NULL,NULL
2001,6441,"1.234006734006734",NULL,"0101000020E61000002655E68A46024DC02E2B1B0F7E8041C0",NULL
2011,6840,"1.231764097258148",NULL,"0101000020E6100000772153D8224A4DC05DADDF0E4A4C41C0",NULL
2003,2004,"1.2288473505888862",NULL,NULL,NULL
6805,2006,"1.2257448433919023","0101000020E6100000E6EC3C0D6A4C4DC02B0854A4F53041C0",NULL,NULL
2003,6805,"1.2246073298429319",NULL,"0101000020E6100000E6EC3C0D6A4C4DC02B0854A4F53041C0",NULL
6260,2010,"1.224127735068007","0101000020E6100000D4C636A10C3D4DC00425C434656A41C0",NULL,NULL
2013,2006,"1.2234557595993323",NULL,NULL,NULL
2005,6861,"1.2157581310123684",NULL,"0101000020E61000008071990393404DC0D261B661654341C0",NULL
2010,2001,"1.2123914037494283",NULL,NULL,NULL
6412,6756,"1.210968851519205","0101000020E61000006DF1CF8789634DC02E1D8967844141C0","0101000020E610000032BA5B44C3444DC006F82182523E41C0","0102000020E6100000020000006DF1CF8789634DC02E1D8967844141C032BA5B44C3444DC006F82182523E41C0"
2006,2006,"1.207163601161665",NULL,NULL,NULL
2009,2009,"1.207163601161665",NULL,NULL,NULL
6490,2008,"1.2065448363790905","0101000020E610000010D951C248364DC0E1F93ACAA26041C0",NULL,NULL
2013,2011,"1.2065448363790905",NULL,NULL,NULL
6497,6364,"1.2059436913451511","0101000020E6100000BDBFF54C48944DC0DD2563059E4841C0","0101000020E610000001018EC3717E4DC0E694FB5F475341C0","0102000020E610000002000000BDBFF54C48944DC0DD2563059E4841C001018EC3717E4DC0E694FB5F475341C0"
6408,6756,"1.205513784461153","0101000020E61000009DF7DAA523534DC0DE83A14EB54C41C0","0101000020E610000032BA5B44C3444DC006F82182523E41C0","0102000020E6100000020000009DF7DAA523534DC0DE83A14EB54C41C032BA5B44C3444DC006F82182523E41C0"
2013,6805,"1.205135520684736",NULL,"0101000020E6100000E6EC3C0D6A4C4DC02B0854A4F53041C0",NULL
6427,2014,"1.2041284403669725","0101000020E6100000CFA6C19A0E504DC018533FC49A6241C0","0101000020E6100000698603338C324DC0F86B4621FB4A41C0","0102000020E610000002000000CFA6C19A0E504DC018533FC49A6241C0698603338C324DC0F86B4621FB4A41C0"
2012,6371,"1.2039832958560874",NULL,"0101000020E6100000FF17FA653A484DC03830EF3AC14641C0",NULL
6408,6805,"1.203915171288744","0101000020E61000009DF7DAA523534DC0DE83A14EB54C41C0","0101000020E6100000E6EC3C0D6A4C4DC02B0854A4F53041C0","0102000020E6100000020000009DF7DAA523534DC0DE83A14EB54C41C0E6EC3C0D6A4C4DC02B0854A4F53041C0"
2013,2009,"1.2025873933388385",NULL,NULL,NULL
6805,6408,"1.1991991991991993","0101000020E6100000E6EC3C0D6A4C4DC02B0854A4F53041C0","0101000020E61000009DF7DAA523534DC0DE83A14EB54C41C0","0102000020E610000002000000E6EC3C0D6A4C4DC02B0854A4F53041C09DF7DAA523534DC0DE83A14EB54C41C0"
2002,2002,"1.1991626794258374",NULL,NULL,NULL
6371,2013,"1.197452229299363","0101000020E6100000FF17FA653A484DC03830EF3AC14641C0",NULL,NULL
2002,2003,"1.1974248927038627",NULL,NULL,NULL
6260,2008,"1.1964788732394367","0101000020E6100000D4C636A10C3D4DC00425C434656A41C0",NULL,NULL
6749,6252,"1.1961915753029428","0101000020E61000004B36A6208F444DC044110795C51341C0","0101000020E6100000777D10FBB5624DC0E4917347122A41C0","0102000020E6100000020000004B36A6208F444DC044110795C51341C0777D10FBB5624DC0E4917347122A41C0"
2011,2003,"1.194736842105263",NULL,NULL,NULL
2011,2005,"1.194736842105263",NULL,NULL,NULL
2006,2013,"1.1932864103952354",NULL,NULL,NULL
2001,2010,"1.1930625285257872",NULL,NULL,NULL
2004,6861,"1.1900332225913621",NULL,"0101000020E61000008071990393404DC0D261B661654341C0",NULL
2014,6434,"1.1892156862745098","0101000020E6100000698603338C324DC0F86B4621FB4A41C0","0101000020E61000006413426A85324DC07E12D6E0525A41C0","0102000020E610000002000000698603338C324DC0F86B4621FB4A41C06413426A85324DC07E12D6E0525A41C0"
2008,2009,"1.189146049481245",NULL,NULL,NULL
2013,2008,"1.1880656108597285",NULL,NULL,NULL
6840,2012,"1.1860955056179776","0101000020E6100000772153D8224A4DC05DADDF0E4A4C41C0",NULL,NULL
6434,6035,"1.1857707509881423","0101000020E61000006413426A85324DC07E12D6E0525A41C0","0101000020E6100000BD3ADC9FAA2B4DC0E9F5243CCF5641C0","0102000020E6100000020000006413426A85324DC07E12D6E0525A41C0BD3ADC9FAA2B4DC0E9F5243CCF5641C0"
2011,2002,"1.1853167554766133",NULL,NULL,NULL
2001,2012,"1.1819781766983457",NULL,NULL,NULL
2015,6371,"1.181697023545091",NULL,"0101000020E6100000FF17FA653A484DC03830EF3AC14641C0",NULL
2002,6756,"1.1810154525386314",NULL,"0101000020E610000032BA5B44C3444DC006F82182523E41C0",NULL
6252,6882,"1.1810154525386314","0101000020E6100000777D10FBB5624DC0E4917347122A41C0","0101000020E6100000D02DE55B69904DC06FFF74A3A0FF40C0","0102000020E610000002000000777D10FBB5624DC0E4917347122A41C0D02DE55B69904DC06FFF74A3A0FF40C0"
6756,2014,"1.18","0101000020E610000032BA5B44C3444DC006F82182523E41C0","0101000020E6100000698603338C324DC0F86B4621FB4A41C0","0102000020E61000000200000032BA5B44C3444DC006F82182523E41C0698603338C324DC0F86B4621FB4A41C0"
2015,2011,"1.1769949066213923",NULL,NULL,NULL
6532,6497,"1.1767054908485857","0101000020E61000006A107353D2B54DC09D4A41D3415941C0","0101000020E6100000BDBFF54C48944DC0DD2563059E4841C0","0102000020E6100000020000006A107353D2B54DC09D4A41D3415941C0BDBFF54C48944DC0DD2563059E4841C0"
2004,2011,"1.175686274509804",NULL,NULL,NULL
2003,2002,"1.1693088142041852",NULL,NULL,NULL
2010,2010,"1.168716372021522",NULL,NULL,NULL
2015,2004,"1.1669150521609537",NULL,NULL,NULL
2002,2013,"1.1648180242634316",NULL,NULL,NULL
6861,6749,"1.1631436314363144","0101000020E61000008071990393404DC0D261B661654341C0","0101000020E61000004B36A6208F444DC044110795C51341C0","0102000020E6100000020000008071990393404DC0D261B661654341C04B36A6208F444DC044110795C51341C0"
6252,6371,"1.159942363112392","0101000020E6100000777D10FBB5624DC0E4917347122A41C0","0101000020E6100000FF17FA653A484DC03830EF3AC14641C0","0102000020E610000002000000777D10FBB5624DC0E4917347122A41C0FF17FA653A484DC03830EF3AC14641C0"
6749,2001,"1.1565470112324248","0101000020E61000004B36A6208F444DC044110795C51341C0",NULL,NULL
6840,6861,"1.1545876472688326","0101000020E6100000772153D8224A4DC05DADDF0E4A4C41C0","0101000020E61000008071990393404DC0D261B661654341C0","0102000020E610000002000000772153D8224A4DC05DADDF0E4A4C41C08071990393404DC0D261B661654341C0"
2013,2007,"1.1545741324921135",NULL,"0101000020E6100000D70060B28D2F4DC0499B26F19F4D41C0",NULL
6371,2011,"1.1478450627386798","0101000020E6100000FF17FA653A484DC03830EF3AC14641C0",NULL,NULL
2001,6840,"1.146327221768072",NULL,"0101000020E6100000772153D8224A4DC05DADDF0E4A4C41C0",NULL
6252,2013,"1.1457960644007155","0101000020E6100000777D10FBB5624DC0E4917347122A41C0",NULL,NULL
2003,6861,"1.1410923276983096",NULL,"0101000020E61000008071990393404DC0D261B661654341C0",NULL
6560,2006,"1.1330172413793103","0101000020E61000001219B785CB674DC02626BBC92A4E41C0",NULL,NULL
2001,6760,"1.1261946133796699",NULL,"0101000020E6100000BF9BCB5C8C584DC0F4489D56AC4641C0",NULL
2001,6091,"1.1224699828473412",NULL,"0101000020E610000016C8A729E6134DC08573A03EBC6841C0",NULL
6252,6749,"1.1197342026078234","0101000020E6100000777D10FBB5624DC0E4917347122A41C0","0101000020E61000004B36A6208F444DC044110795C51341C0","0102000020E610000002000000777D10FBB5624DC0E4917347122A41C04B36A6208F444DC044110795C51341C0"
6760,2015,"1.1100617508172903","0101000020E6100000BF9BCB5C8C584DC0F4489D56AC4641C0",NULL,NULL
6539,2003,"1.1051786770296528","0101000020E61000003482497EF85E4DC075D7C927025B41C0",NULL,NULL
6410,6568,"1.1051786770296528","0101000020E6100000A61A954529584DC0EE6D69CB6A5141C0","0101000020E61000006A3440A5564F4DC0A183F6151F5341C0","0102000020E610000002000000A61A954529584DC0EE6D69CB6A5141C06A3440A5564F4DC0A183F6151F5341C0"
6371,2015,"1.0800397219463753","0101000020E6100000FF17FA653A484DC03830EF3AC14641C0",NULL,NULL
6408,2015,"1.0800397219463753","0101000020E61000009DF7DAA523534DC0DE83A14EB54C41C0",NULL,NULL
6840,2015,"1.0800397219463753","0101000020E6100000772153D8224A4DC05DADDF0E4A4C41C0",NULL,NULL
6270,2001,"1.0677363964710758","0101000020E61000006FC4742248484DC0B902FEF0237041C0",NULL,NULL
6274,2001,"1.0677363964710758","0101000020E61000001B58955318214DC03CAB40F1597041C0",NULL,NULL
6756,6515,"1.053740179892975","0101000020E610000032BA5B44C3444DC006F82182523E41C0","0101000020E6100000FA742950275B4DC09DB1D737603E41C0","0102000020E61000000200000032BA5B44C3444DC006F82182523E41C0FA742950275B4DC09DB1D737603E41C0"
